city,date,time
Białystok,poniedzialek 13 maj 2019,20:37
Bielsko-Biała,poniedzialek 13 maj 2019,20:37
Bydgoszcz,poniedzialek 13 maj 2019,20:37
Bytom,poniedzialek 13 maj 2019,20:37
Chorzów,poniedzialek 13 maj 2019,20:37
Częstochowa,poniedzialek 13 maj 2019,20:37
Dąbrowa Górnicza,poniedzialek 13 maj 2019,20:37
Elbląg,poniedzialek 13 maj 2019,20:37
Gdańsk,poniedzialek 13 maj 2019,20:37
Gdynia,poniedzialek 13 maj 2019,20:37
Gliwice,poniedzialek 13 maj 2019,20:37
Gorzów Wielkopolski,poniedzialek 13 maj 2019,20:37
Grudziądz,poniedzialek 13 maj 2019,20:37
Jastrzębie Zdrój,poniedzialek 13 maj 2019,20:37
Jelenia Góra,poniedzialek 13 maj 2019,20:37
Kalisz,poniedzialek 13 maj 2019,20:37
Rzeszów,poniedzialek 13 maj 2019,20:37
